{
  "lit_t_l": {
    "median": 0.10854335063051668,
    "std": 0.3094607981386581,
    "ci_lower": 0.10411173553340351,
    "ci_upper": 0.11354773946814145
  },
  "lit_t_e": {
    "median": -0.12824738018812054,
    "std": 0.3600739718230224,
    "ci_lower": -0.17327902902111084,
    "ci_upper": -0.12105434145038219
  },
  "lit_c_l": {
    "median": 0.0014603404847717862,
    "std": 0.5408749870608133,
    "ci_lower": 0.00033436329442093713,
    "ci_upper": 0.025047233397472536
  },
  "lit_c_half": {
    "median": 363.1443789750197,
    "std": 311.11667886001254,
    "ci_lower": 340.6918688064534,
    "ci_upper": 610.5996088869719
  },
  "lit_c_e": {
    "median": 0.0013243516251464416,
    "std": 0.3021322958895743,
    "ci_lower": 0.00030781235039058804,
    "ci_upper": 0.04847305711754934
  },
  "lit_hyst": {
    "median": -0.01686580057754483,
    "std": 0.102731402791252,
    "ci_lower": -0.051509938376082615,
    "ci_upper": -0.010035054130355771
  },
  "lit_c_tan": {
    "median": 0.04123177412068013,
    "std": 0.18300954012862627,
    "ci_lower": 0.028794467273257185,
    "ci_upper": 0.06557073324697468
  },
  "lit_fast": {
    "median": 0.987450561813958,
    "std": 0.016768876336444197,
    "ci_lower": 0.9662234972617617,
    "ci_upper": 0.9941417710638042
  },
  "model": "UKESM1-0-LL",
  "calibration_type": "bayesian"
}